{
  "model_name": "Gradient Boosting",
  "threshold": 0.06080303371410206,
  "auc": 0.9958494600000001,
  "samples_evaluated": 10000,
  "confusion_matrix": [
    [
      4494,
      506
    ],
    [
      55,
      4945
    ]
  ],
  "report": {
    "Safe": {
      "precision": 0.9879094306440976,
      "recall": 0.8988,
      "f1-score": 0.9412503927112786,
      "support": 5000.0
    },
    "Phishing": {
      "precision": 0.9071729957805907,
      "recall": 0.989,
      "f1-score": 0.9463209262271552,
      "support": 5000.0
    },
    "accuracy": 0.9439,
    "macro avg": {
      "precision": 0.9475412132123442,
      "recall": 0.9439,
      "f1-score": 0.9437856594692169,
      "support": 10000.0
    },
    "weighted avg": {
      "precision": 0.9475412132123442,
      "recall": 0.9439,
      "f1-score": 0.943785659469217,
      "support": 10000.0
    }
  }
}